City_ID,City,Country,Date,Lat,Lng,Max Temp,Humidity,Cloudiness,Wind Speed
0,Marzuq,YE,2021-03-22 17:13:29,14.4,46.4667,66.06,41,0,6.24
1,Hithadhoo,MV,2021-03-22 17:21:14,-0.6,73.0833,83.89,73,49,10.33
2,Talcahuano,CL,2021-03-22 17:14:02,-36.7167,-73.1167,68.0,56,0,9.22
3,Oyem,GA,2021-03-22 17:22:27,1.5995,11.5793,71.24,95,100,1.63
4,Misratah,LY,2021-03-22 17:22:27,32.3754,15.0925,55.98,62,83,24.85
5,Houma,US,2021-03-22 17:22:27,29.5958,-90.7195,73.99,68,40,17.27
6,Hualmay,PE,2021-03-22 17:22:28,-11.0964,-77.6139,77.85,68,47,10.8
7,Mar Del Plata,AR,2021-03-22 17:21:32,-38.0023,-57.5575,68.0,64,20,8.05
8,Muzhi,RU,2021-03-22 17:22:28,65.3667,64.6667,13.93,96,95,6.15
9,Salalah,OM,2021-03-22 17:21:54,17.0151,54.0924,82.4,65,0,4.61
10,Punta Arenas,CL,2021-03-22 17:21:30,-53.15,-70.9167,60.8,63,75,18.41
11,Mahebourg,MU,2021-03-22 17:21:53,-20.4081,57.7,78.8,89,40,3.44
12,Nanortalik,GL,2021-03-22 17:21:45,60.1432,-45.2371,25.48,67,25,16.2
13,Aksarka,RU,2021-03-22 17:22:28,66.5606,67.7975,1.99,99,88,5.03
14,Acarau,BR,2021-03-22 17:15:49,-2.8856,-40.12,81.52,75,99,10.96
15,Pangnirtung,CA,2021-03-22 17:22:05,66.1451,-65.7125,-14.8,70,20,2.3
16,Port Elizabeth,ZA,2021-03-22 17:21:29,-33.918,25.5701,64.4,77,0,4.61
17,Sur,OM,2021-03-22 17:22:29,22.5667,59.5289,72.79,78,0,2.28
18,Soubre,CI,2021-03-22 17:22:29,5.7856,-6.6083,93.58,41,87,2.21
19,Cape Town,ZA,2021-03-22 17:21:28,-33.9258,18.4232,71.01,68,0,14.97
20,Iqaluit,CA,2021-03-22 17:21:37,63.7506,-68.5145,-13.0,64,20,32.21
21,Sechura,PE,2021-03-22 17:15:01,-5.5569,-80.8222,84.65,50,22,7.49
22,Cap-Aux-Meules,CA,2021-03-22 17:22:30,47.3821,-61.8597,44.6,49,0,19.57
23,Bjerkvik,NO,2021-03-22 17:22:30,68.5597,17.5189,33.8,93,90,4.61
24,Qaanaaq,GL,2021-03-22 17:21:34,77.484,-69.3632,-9.09,96,98,1.52
25,Puerto Del Rosario,ES,2021-03-22 17:22:09,28.5004,-13.8627,68.0,60,20,13.8
26,Bambous Virieux,MU,2021-03-22 17:21:31,-20.3428,57.7575,81.0,89,40,3.44
27,Cidreira,BR,2021-03-22 17:21:50,-30.1811,-50.2056,73.87,75,100,9.37
28,Matagami,CA,2021-03-22 17:17:33,49.7502,-77.6328,51.8,32,75,14.97
29,Suna,RU,2021-03-22 17:22:30,57.8338,50.0588,27.46,95,100,12.03
30,Narsaq,GL,2021-03-22 17:21:36,60.9167,-46.05,24.8,54,20,4.61
31,Muzambinho,BR,2021-03-22 17:22:31,-21.3758,-46.5256,77.7,60,0,3.65
32,Port-Gentil,GA,2021-03-22 17:22:24,-0.7193,8.7815,78.8,89,40,9.22
33,Venice,US,2021-03-22 17:17:36,27.0998,-82.4543,69.01,73,90,12.66
34,Hamilton,US,2021-03-22 17:18:50,39.1834,-84.5333,68.0,42,1,6.91
35,Jamestown,US,2021-03-22 17:21:31,42.097,-79.2353,59.0,20,1,9.89
36,Chulym,RU,2021-03-22 17:14:52,55.0997,80.9572,33.03,98,100,12.01
37,Ygatimi,PY,2021-03-22 17:22:31,-24.0833,-55.5,93.18,44,61,4.27
38,Ribeira Grande,PT,2021-03-22 17:21:29,38.5167,-28.7,62.6,77,40,17.27
39,Hermanus,ZA,2021-03-22 17:21:40,-34.4187,19.2345,68.0,72,0,8.01
40,Dikson,RU,2021-03-22 17:21:25,73.5069,80.5464,-9.38,75,100,3.83
41,San Pedro,PH,2021-03-22 17:22:32,14.35,121.0167,82.4,65,40,4.61
42,Albany,US,2021-03-22 17:17:35,42.6001,-73.9662,62.01,15,0,1.01
43,Tasiilaq,GL,2021-03-22 17:21:26,65.6145,-37.6368,21.2,68,40,10.36
44,Westport,US,2021-03-22 17:22:18,41.1415,-73.3579,57.99,66,1,9.22
45,Dzaoudzi,YT,2021-03-22 17:22:32,-12.7887,45.2699,80.6,83,20,6.91
46,Birao,CF,2021-03-22 17:22:32,10.2849,22.7882,94.26,19,94,2.44
47,Yeroham,IL,2021-03-22 17:22:32,30.9872,34.9314,72.0,52,70,4.0
48,Ushuaia,AR,2021-03-22 17:21:29,-54.8,-68.3,59.0,63,40,11.5
49,Karacabey,TR,2021-03-22 17:22:33,40.2152,28.4038,48.2,93,75,14.97
50,Chuy,UY,2021-03-22 17:21:33,-33.6971,-53.4616,72.28,69,46,10.76
51,Caravelas,BR,2021-03-22 17:22:33,-17.7125,-39.2481,85.1,58,13,7.27
52,Port Alfred,ZA,2021-03-22 17:19:07,-33.5906,26.891,65.37,72,3,8.28
53,Staunton,US,2021-03-22 17:19:36,38.1496,-79.0717,57.99,30,1,4.29
54,Bengkulu,ID,2021-03-22 17:21:33,-3.8004,102.2655,76.41,88,100,2.89
55,Kruisfontein,ZA,2021-03-22 17:20:04,-34.0033,24.7314,64.99,72,0,1.99
56,Souillac,MU,2021-03-22 17:22:04,-20.5167,57.5167,78.8,89,40,3.44
57,Georgetown,MY,2021-03-22 17:21:25,5.4112,100.3354,86.0,78,20,5.75
58,Makinsk,KZ,2021-03-22 17:22:34,52.6292,70.4169,15.62,94,94,8.55
59,Hanstholm,DK,2021-03-22 17:22:34,57.1167,8.6167,44.01,7,35,1.01
60,Ponta Do Sol,PT,2021-03-22 17:21:42,32.6667,-17.1,62.6,59,40,11.5
61,Pitimbu,BR,2021-03-22 17:21:49,-7.4706,-34.8086,86.0,66,20,12.66
62,Oktyabrskoye,RU,2021-03-22 17:15:31,43.0645,44.7417,35.6,87,65,6.71
63,Urucara,BR,2021-03-22 17:22:34,-2.5364,-57.76,89.87,57,22,4.0
64,Dingle,PH,2021-03-22 17:22:05,10.9995,122.6711,77.45,87,82,10.04
65,Talnakh,RU,2021-03-22 17:22:16,69.4865,88.3972,-0.9,96,100,7.25
66,Ostroh,UA,2021-03-22 17:22:35,50.3294,26.5143,29.46,73,10,7.34
67,Maniitsoq,GL,2021-03-22 17:22:29,65.4167,-52.9,19.0,86,100,9.93
68,Saint George,US,2021-03-22 17:17:04,37.1041,-113.5841,52.0,36,1,6.91
69,Clyde River,CA,2021-03-22 17:21:38,70.4692,-68.5914,-18.4,57,20,6.91
70,Chanika,TZ,2021-03-22 17:22:35,-5.4167,38.0167,71.76,92,47,5.57
71,Luderitz,NA,2021-03-22 17:21:30,-26.6481,15.1594,69.08,68,11,6.33
72,Laguna,US,2021-03-22 17:22:35,38.421,-121.4238,54.0,66,90,9.22
73,Vila Velha,BR,2021-03-22 17:22:29,-20.3297,-40.2925,88.0,66,40,11.5
74,Conceicao Da Barra,BR,2021-03-22 17:22:36,-18.5933,-39.7322,85.06,61,12,6.89
75,East London,ZA,2021-03-22 17:21:26,-33.0153,27.9116,64.4,77,0,3.44
76,Busselton,AU,2021-03-22 17:21:39,-33.65,115.3333,48.99,90,47,11.81
77,Mogadishu,SO,2021-03-22 17:12:00,2.0371,45.3438,81.34,79,1,18.7
78,Bathsheba,BB,2021-03-22 17:21:27,13.2167,-59.5167,86.0,51,75,21.85
79,Tafresh,IR,2021-03-22 17:19:01,34.692,50.013,51.78,35,67,13.44
80,Samsun,TR,2021-03-22 17:19:36,41.25,36.3333,57.0,81,75,6.91
81,Saldanha,ZA,2021-03-22 17:21:33,-33.0117,17.9442,82.4,28,0,8.05
82,Tocopilla,CL,2021-03-22 17:22:36,-22.092,-70.1979,74.16,65,66,9.08
83,Thinadhoo,MV,2021-03-22 17:22:26,0.5333,72.9333,83.8,71,21,8.75
84,Bay Roberts,CA,2021-03-22 17:22:37,47.5999,-53.2648,48.2,46,75,29.93
85,Mao,ES,2021-03-22 17:22:37,39.8885,4.2658,53.6,58,20,18.41
86,Saint-Philippe,RE,2021-03-22 17:21:31,-21.3585,55.7679,80.6,78,0,1.14
87,Ilulissat,GL,2021-03-22 17:21:46,69.2167,-51.1,6.8,78,90,10.36
88,Oranjemund,NA,2021-03-22 17:21:48,-28.55,16.4333,68.61,65,6,5.53
89,Bredasdorp,ZA,2021-03-22 17:21:32,-34.5322,20.0403,64.4,72,0,13.8
90,Vredendal,ZA,2021-03-22 17:22:37,-31.6683,18.5012,84.69,25,0,14.14
91,Bud,US,2021-03-22 17:22:38,39.447,-86.1758,64.0,45,1,4.61
92,Shatsk,RU,2021-03-22 17:22:38,54.0258,41.7119,27.72,96,100,7.25
93,Torbay,CA,2021-03-22 17:21:42,47.6666,-52.7314,48.2,46,75,29.93
94,Coihaique,CL,2021-03-22 17:18:03,-45.5752,-72.0662,62.6,55,40,12.66
95,Longyearbyen,SJ,2021-03-22 17:21:57,78.2186,15.6401,12.2,73,40,12.66
96,Saint-Francois,FR,2021-03-22 17:21:35,46.4154,3.9054,46.4,57,90,14.97
97,Virginia Beach,US,2021-03-22 17:11:13,36.8529,-75.978,60.8,59,40,19.57
98,Channel-Port Aux Basques,CA,2021-03-22 17:22:38,47.5702,-59.1367,35.19,88,29,17.87
99,Kochubey,RU,2021-03-22 17:22:39,44.3861,46.5825,39.79,78,4,18.9
100,Arraial Do Cabo,BR,2021-03-22 17:21:19,-22.9661,-42.0278,87.8,58,0,9.22
101,Kitgum,UG,2021-03-22 17:22:39,3.2783,32.8867,82.29,31,100,6.26
102,Carbonia,IT,2021-03-22 17:22:39,39.1672,8.5222,57.2,38,40,11.5
103,Bolanos De Calatrava,ES,2021-03-22 17:22:40,38.9069,-3.6635,62.01,29,0,2.3
104,Veraval,IN,2021-03-22 17:22:40,20.9,70.3667,76.06,81,0,8.9
105,Aripuana,BR,2021-03-22 17:22:19,-9.1667,-60.6333,89.82,52,81,1.39
106,Klaksvik,FO,2021-03-22 17:21:39,62.2266,-6.589,46.4,87,75,20.71
107,Inta,RU,2021-03-22 17:15:12,66.0317,60.1659,19.6,80,100,8.68
108,Oistins,BB,2021-03-22 17:15:13,13.0667,-59.5333,84.2,54,40,23.02
109,Tabou,CI,2021-03-22 17:16:00,4.423,-7.3528,82.81,75,90,11.23
110,Marawi,PH,2021-03-22 17:22:22,7.9986,124.2928,73.99,90,82,5.99
111,Krasnyy,RU,2021-03-22 17:22:40,54.5678,31.4333,23.0,81,14,7.74
112,Codrington,AU,2021-03-22 17:22:04,-38.2667,141.9667,61.23,93,0,7.29
113,Flint,US,2021-03-22 17:22:41,43.0125,-83.6875,68.0,28,1,19.57
114,Quilali,NI,2021-03-22 17:22:41,13.567,-86.026,75.2,53,40,9.22
115,Krasnoselkup,RU,2021-03-22 17:22:38,65.7,82.4667,1.49,95,100,10.27
116,Harper,LR,2021-03-22 17:22:14,4.375,-7.7169,82.24,74,97,11.86
117,Takoradi,GH,2021-03-22 17:22:41,4.8845,-1.7554,83.41,73,69,14.36
118,Cambui,BR,2021-03-22 17:22:42,-22.6122,-46.0575,78.78,70,32,2.06
119,Margate,GB,2021-03-22 17:21:56,51.3813,1.3862,51.01,63,47,1.99
120,Panjab,AF,2021-03-22 17:22:42,34.388,67.0233,26.96,96,100,3.4
121,Bilma,NE,2021-03-22 17:22:42,18.6853,12.9164,92.5,11,15,3.89
122,Lagoa,PT,2021-03-22 17:21:37,39.05,-27.9833,59.0,79,67,16.75
123,Okakarara,NA,2021-03-22 17:22:43,-20.5833,17.4333,76.06,53,88,3.29
124,Richards Bay,ZA,2021-03-22 17:22:00,-28.783,32.0377,68.65,86,10,7.76
125,Los Llanos De Aridane,ES,2021-03-22 17:22:00,28.6585,-17.9182,64.4,59,75,10.36
126,Ferkessedougou,CI,2021-03-22 17:22:43,9.6,-5.2,92.14,39,92,2.89
127,Bandarbeyla,SO,2021-03-22 17:22:36,9.4942,50.8122,79.23,62,33,9.98
128,Marsa Matruh,EG,2021-03-22 17:14:12,31.3525,27.2453,73.4,27,0,11.5
129,Toamasina,MG,2021-03-22 17:22:43,-18.1667,49.3833,78.8,89,75,4.61
130,Maceio,BR,2021-03-22 17:22:44,-9.6658,-35.7353,86.0,62,40,6.91
131,Comodoro Rivadavia,AR,2021-03-22 17:11:10,-45.8667,-67.5,77.0,33,0,6.91
132,Gambela,ET,2021-03-22 17:22:44,8.25,34.5833,85.17,46,98,1.66
133,Goderich,CA,2021-03-22 17:14:17,43.7501,-81.7165,59.0,31,66,14.97
134,Antofagasta,CL,2021-03-22 17:22:44,-23.65,-70.4,73.0,64,20,12.66
135,Morondava,MG,2021-03-22 17:13:32,-20.2833,44.2833,82.04,79,0,13.0
136,Cayenne,GF,2021-03-22 17:21:45,4.9333,-52.3333,81.0,100,75,3.44
137,Morococha,PE,2021-03-22 17:22:45,-11.5997,-76.1411,43.97,69,99,6.15
138,Barra Do Garcas,BR,2021-03-22 17:16:20,-15.89,-52.2567,81.07,77,32,5.77
139,Chimbote,PE,2021-03-22 17:17:56,-9.0853,-78.5783,78.55,64,18,10.63
140,Antalaha,MG,2021-03-22 17:22:45,-14.9003,50.2788,78.21,85,91,1.5
141,Porto Novo,BJ,2021-03-22 17:22:45,6.4965,2.6036,84.2,79,20,18.41
142,Victoria,HK,2021-03-22 17:20:31,22.2855,114.1577,66.0,64,11,1.01
143,Grindavik,IS,2021-03-22 17:22:17,63.8424,-22.4338,33.8,86,40,32.21
144,Asyut,EG,2021-03-22 17:14:01,27.181,31.1837,93.2,20,0,18.41
145,Necochea,AR,2021-03-22 17:22:10,-38.5473,-58.7368,73.0,30,0,8.99
146,Muros,ES,2021-03-22 17:22:36,42.7762,-9.0603,66.99,54,0,4.03
147,Sao Joao Da Barra,BR,2021-03-22 17:21:40,-21.6403,-41.0511,89.6,48,0,4.61
148,Springfield,US,2021-03-22 17:19:05,37.2153,-93.2982,62.01,48,1,17.27
149,Grand Gaube,MU,2021-03-22 17:22:08,-20.0064,57.6608,81.0,82,20,3.0
150,Ashti,IN,2021-03-22 17:20:07,19.3833,76.2333,81.72,33,41,15.99
151,Finnsnes,NO,2021-03-22 17:22:46,69.2296,17.9811,30.2,86,75,10.36
152,Sabha,LY,2021-03-22 17:13:49,27.0377,14.4283,69.55,30,0,29.1
153,Copiapo,CL,2021-03-22 17:22:46,-27.3667,-70.3333,71.6,53,0,9.22
154,Mahajanga,MG,2021-03-22 17:15:27,-15.7167,46.3167,80.6,83,40,4.61
155,Pankrushikha,RU,2021-03-22 17:22:47,53.8319,80.3406,28.49,91,100,13.47
156,Zambezi,ZM,2021-03-22 17:14:37,-13.5432,23.1047,70.57,86,97,3.44
157,Taoudenni,ML,2021-03-22 17:13:58,22.6783,-3.9836,80.55,8,0,15.95
158,Gaspe,CA,2021-03-22 17:22:47,48.8334,-64.4819,51.8,28,20,12.66
159,Henties Bay,NA,2021-03-22 17:21:46,-22.116,14.2845,63.0,87,4,1.01
160,Camana,PE,2021-03-22 17:22:47,-16.6228,-72.7111,75.4,74,80,11.74
161,Tabuk,PH,2021-03-22 17:16:04,17.4189,121.4443,70.61,97,100,7.43
162,Kemijarvi,FI,2021-03-22 17:22:47,66.7131,27.4306,19.54,87,39,5.75
163,Melilla,ES,2021-03-22 17:22:48,35.2937,-2.9383,64.4,34,0,6.91
164,Nizhniy Chir,RU,2021-03-22 17:22:48,48.3597,43.0865,37.26,65,99,5.26
165,Bata,GQ,2021-03-22 17:22:48,1.8639,9.7658,84.2,79,40,4.61
166,Cockburn Town,TC,2021-03-22 17:22:39,21.4612,-71.1419,80.6,65,40,9.22
167,Alizai,PK,2021-03-22 17:22:49,33.5383,70.3462,51.66,80,100,1.45
168,Taltal,CL,2021-03-22 17:21:40,-25.4,-70.4833,70.61,68,6,5.57
169,Beterou,BJ,2021-03-22 17:22:49,9.1992,2.2586,98.91,25,8,4.68
170,Manavalakurichi,IN,2021-03-22 17:15:58,8.1333,77.3,86.0,79,40,3.44
171,Praia Da Vitoria,PT,2021-03-22 17:22:07,38.7333,-27.0667,64.4,68,40,8.81
172,Teshie,GH,2021-03-22 17:22:49,5.5836,-0.1072,84.2,74,20,23.02
173,Kudahuvadhoo,MV,2021-03-22 17:22:35,2.6708,72.8944,83.48,72,29,6.91
174,Saint-Augustin,CA,2021-03-22 17:21:39,51.226,-58.6502,37.81,99,78,11.95
175,Palm Coast,US,2021-03-22 17:22:50,29.585,-81.2078,63.0,94,90,18.41
176,Joigny,FR,2021-03-22 17:22:50,47.9829,3.401,42.01,63,100,8.7
177,Taguatinga,BR,2021-03-22 17:22:50,-12.3857,-46.5711,86.11,49,100,6.46
178,Darnah,LY,2021-03-22 17:14:47,32.767,22.6367,59.68,86,17,18.7
179,Berezovka,BY,2021-03-22 17:22:51,53.7214,25.4993,29.32,76,56,6.35
180,Zanjan,IR,2021-03-22 17:22:51,36.6736,48.4787,51.84,47,93,21.77
181,Nawa,IN,2021-03-22 17:22:51,27.0167,75.0,75.4,42,91,6.82
182,Severnoye,RU,2021-03-22 17:16:50,56.3491,78.3619,24.93,97,100,6.02
183,Opuwo,NA,2021-03-22 17:21:18,-18.0607,13.84,77.05,68,91,4.47
184,Castro,BR,2021-03-22 17:21:43,-24.7911,-50.0119,77.72,73,41,3.4
185,Sao Felix Do Xingu,BR,2021-03-22 17:20:49,-6.6447,-51.995,80.78,88,66,4.88
186,Rennes,FR,2021-03-22 17:22:52,48.1667,-1.6667,53.01,62,90,9.22
187,Mitsamiouli,KM,2021-03-22 17:22:03,-11.3847,43.2844,83.1,70,11,4.23
188,Bom Jesus,BR,2021-03-22 17:22:52,-9.0744,-44.3586,85.1,62,88,5.19
189,Lodja,CD,2021-03-22 17:22:52,-3.4833,23.4333,73.22,96,100,1.88
190,Korla,CN,2021-03-22 17:22:53,41.7597,86.1469,47.66,37,41,3.27
191,Salima,MW,2021-03-22 17:14:56,-13.7804,34.4587,72.95,84,50,1.43
192,Bad Salzungen,DE,2021-03-22 17:22:53,50.8167,10.2333,44.01,61,96,1.99
193,Amapa,BR,2021-03-22 17:22:06,1.0,-52.0,81.3,90,75,3.49
194,Luangwa,ZM,2021-03-22 17:22:53,-15.6167,30.4167,76.15,75,0,3.56
195,Kirando,TZ,2021-03-22 17:22:53,-7.4167,30.6,76.21,72,93,0.98
196,Nguru,NG,2021-03-22 17:22:54,12.8791,10.4526,100.76,7,90,7.7
197,Ugento,IT,2021-03-22 17:22:54,39.9263,18.1574,50.0,71,40,6.91
198,Kamien Pomorski,PL,2021-03-22 17:22:54,53.9685,14.7726,44.6,42,0,5.75
199,Canutama,BR,2021-03-22 17:16:30,-6.5339,-64.3831,83.64,82,32,1.68
200,Faya,SA,2021-03-22 17:22:18,18.3851,42.4509,69.8,68,0,6.91
201,Husavik,IS,2021-03-22 17:22:29,66.0449,-17.3389,35.6,60,75,13.8
202,Demyansk,RU,2021-03-22 17:22:55,57.643,32.466,26.46,94,97,6.04
203,Sao Filipe,CV,2021-03-22 17:21:47,14.8961,-24.4956,70.63,74,0,12.1
204,Tsalenjikha,GE,2021-03-22 17:22:55,42.6044,42.0682,55.4,54,90,31.07
205,Labrea,BR,2021-03-22 17:22:55,-7.2586,-64.7981,80.94,90,62,3.65
206,Lucapa,AO,2021-03-22 17:21:51,-8.4192,20.7447,70.45,90,90,0.89
207,Muisne,EC,2021-03-22 17:13:33,0.6,-80.0333,82.4,78,75,3.44
208,Novichikha,RU,2021-03-22 17:22:56,52.204,81.3877,27.57,95,93,9.24
209,Alappuzha,IN,2021-03-22 17:14:57,9.49,76.3264,82.76,74,8,2.17
210,Iskenderun,TR,2021-03-22 17:22:56,36.5872,36.1735,69.01,68,40,14.97
211,La Palma,US,2021-03-22 17:22:56,33.8464,-118.0467,63.0,63,1,5.75
212,Rocha,UY,2021-03-22 17:22:27,-34.4833,-54.3333,72.21,65,64,9.4
213,Hobyo,SO,2021-03-22 17:22:13,5.3505,48.5268,79.83,74,0,17.36
214,Tucuman,AR,2021-03-22 17:22:57,-26.8241,-65.2226,69.8,78,90,4.61
215,Kyshtovka,RU,2021-03-22 17:22:57,56.555,76.6271,24.37,96,95,6.2
216,Athni,IN,2021-03-22 17:22:57,16.7333,75.0667,79.29,33,48,8.39
217,Araouane,ML,2021-03-22 17:15:19,18.9048,-3.5265,89.42,11,51,12.86
218,Hambantota,LK,2021-03-22 17:21:25,6.1241,81.1185,80.26,79,100,10.11
219,Atasu,KZ,2021-03-22 17:14:07,48.6814,71.6433,28.51,97,100,6.55
220,Zhanakorgan,KZ,2021-03-22 17:22:58,43.9098,67.2495,54.97,53,34,14.09
221,San Rafael Del Sur,NI,2021-03-22 17:22:58,11.8485,-86.4384,87.8,51,40,16.11
222,Peniche,PT,2021-03-22 17:22:58,39.3558,-9.3811,63.0,62,0,5.99
223,Talas,TR,2021-03-22 17:14:38,38.6908,35.5538,64.4,32,40,17.27
224,Kavaratti,IN,2021-03-22 17:22:59,10.5669,72.642,83.53,69,0,7.67
225,Areosa,PT,2021-03-22 17:22:59,41.7178,-8.8571,64.99,55,0,9.22
226,Serravalle,SM,2021-03-22 17:22:59,43.969,12.4817,50.0,61,0,4.61
227,Kumluca,TR,2021-03-22 17:16:28,36.3703,30.2869,62.1,84,26,2.95
228,Okoneshnikovo,RU,2021-03-22 17:23:00,54.8377,75.0834,22.84,95,92,8.3
229,Jaru,BR,2021-03-22 17:23:00,-10.4389,-62.4664,86.56,72,31,1.45
230,Yar-Sale,RU,2021-03-22 17:21:44,66.8333,70.8333,-4.14,99,4,6.02
231,New Baltimore,US,2021-03-22 17:23:00,42.6811,-82.7369,66.2,34,75,12.66
232,Constitucion,CL,2021-03-22 17:22:46,-35.3333,-72.4167,68.79,59,0,8.97
233,San Andres,CO,2021-03-22 17:23:01,12.5847,-81.7006,84.2,70,40,13.8
234,Pangody,RU,2021-03-22 17:21:54,65.85,74.4859,-3.06,99,38,6.26
235,Abha,SA,2021-03-22 17:17:21,18.2164,42.5053,69.8,68,0,6.91
236,Veseloyarsk,RU,2021-03-22 17:23:01,51.2836,81.1056,33.22,98,100,6.4
237,Beloha,MG,2021-03-22 17:22:41,-25.1667,45.05,75.88,86,47,4.9
238,Vardo,NO,2021-03-22 17:21:27,70.3705,31.1107,21.2,79,62,21.85
239,Mattru,SL,2021-03-22 17:15:25,7.6244,-11.8332,88.72,47,82,6.04
240,Praia,CV,2021-03-22 17:23:02,14.9215,-23.5087,75.2,57,20,25.32
241,Santa Barbara,US,2021-03-22 17:23:02,34.7333,-120.0343,57.99,66,1,4.92
242,Estelle,US,2021-03-22 17:23:02,29.8458,-90.1067,73.0,73,40,17.27
243,Touros,BR,2021-03-22 17:22:22,-5.1989,-35.4608,86.0,62,40,13.8
244,Mahibadhoo,MV,2021-03-22 17:23:03,3.7833,72.9667,84.07,68,96,7.29
245,Nicoya,CR,2021-03-22 17:23:03,10.1483,-85.452,89.6,37,0,16.11
246,Panama City,PA,2021-03-22 17:23:03,8.9936,-79.5197,89.6,55,20,3.44
247,Kishi,NG,2021-03-22 17:23:03,9.0833,3.85,92.77,37,74,8.48
248,Humberto De Campos,BR,2021-03-22 17:23:04,-2.5983,-43.4611,79.5,85,97,2.77
249,Garissa,KE,2021-03-22 17:23:04,-0.4536,39.6401,94.98,30,93,11.34
250,Boa Vista,BR,2021-03-22 17:22:27,2.8197,-60.6733,91.4,40,75,10.36
251,Abrau-Dyurso,RU,2021-03-22 17:14:14,44.69,37.59,44.6,76,40,11.18
252,Dubai,AE,2021-03-22 17:20:55,25.2582,55.3047,80.6,39,0,6.91
253,Agaro,ET,2021-03-22 17:23:04,7.85,36.65,67.98,29,80,2.35
254,Barranca,PE,2021-03-22 17:23:05,-10.75,-77.7667,77.34,66,15,11.32
255,Orcopampa,PE,2021-03-22 17:23:05,-15.2661,-72.3417,52.16,66,100,3.09
256,Kariba,ZW,2021-03-22 17:23:05,-16.5167,28.8,74.52,80,16,3.27
257,Jalu,LY,2021-03-22 17:22:40,29.0331,21.5482,84.92,14,99,25.1
258,Adrar,MR,2021-03-22 17:21:27,20.5022,-10.0711,88.36,8,0,1.99
259,La Macarena,CO,2021-03-22 17:23:06,2.1837,-73.7849,90.73,45,41,4.54
260,Yashkul,RU,2021-03-22 17:23:06,46.1711,45.3435,43.99,51,57,11.56
261,Vestmannaeyjar,IS,2021-03-22 17:22:28,63.4427,-20.2734,37.4,70,20,36.82
262,Goma,CD,2021-03-22 17:23:06,-1.6792,29.2228,64.8,91,100,0.11
263,Progreso,MX,2021-03-22 17:23:07,21.2833,-89.6667,88.0,54,75,8.05
264,Varhaug,NO,2021-03-22 17:23:07,58.6147,5.6457,43.0,95,96,3.0
265,Jaque,PA,2021-03-22 17:23:07,7.5175,-78.1703,84.24,67,52,5.5
266,Sehithwa,BW,2021-03-22 17:23:08,-20.4667,22.7167,81.36,38,23,4.32
267,Rumford,US,2021-03-22 17:23:08,44.5537,-70.5509,60.01,20,0,3.0
268,Kangaatsiaq,GL,2021-03-22 17:13:59,68.3065,-53.4641,5.68,94,100,14.0
269,Riyadh,SA,2021-03-22 17:19:05,24.6877,46.7219,89.6,11,0,5.75
270,Tessalit,ML,2021-03-22 17:13:40,20.1986,1.0114,84.69,9,1,15.03
271,Galle,LK,2021-03-22 17:23:08,6.0367,80.217,79.32,85,67,8.12
272,Cotonou,BJ,2021-03-22 17:23:08,6.3654,2.4183,84.2,79,20,18.41
273,Desaguadero,PE,2021-03-22 17:17:20,-16.5656,-69.0417,51.55,64,100,12.59
274,Sept-Iles,CA,2021-03-22 17:13:43,50.2001,-66.3821,51.8,28,84,11.5
275,Marsh Harbour,BS,2021-03-22 17:23:09,26.5412,-77.0636,74.79,64,93,12.15
276,Termoli,IT,2021-03-22 17:23:09,41.9888,14.9895,37.99,88,86,1.99
277,Kamyshin,RU,2021-03-22 17:21:31,50.0983,45.416,34.48,75,100,6.51
278,Acas,PE,2021-03-22 17:23:09,-10.4575,-77.3275,48.76,65,62,9.95
279,Rio Gallegos,AR,2021-03-22 17:21:44,-51.6226,-69.2181,73.4,25,20,23.02
280,Cap Malheureux,MU,2021-03-22 17:15:56,-19.9842,57.6142,81.0,83,22,4.0
281,Camocim,BR,2021-03-22 17:23:10,-2.9022,-40.8411,81.81,81,91,9.46
282,Zhezkazgan,KZ,2021-03-22 17:16:48,47.8043,67.7144,28.72,95,100,11.54
283,Rio Grande,BR,2021-03-22 17:22:40,-32.035,-52.0986,78.8,65,40,11.5
284,San Francisco,US,2021-03-22 17:20:13,37.7749,-122.4194,54.0,66,40,19.57
285,Manoel Urbano,BR,2021-03-22 17:23:10,-8.8389,-69.2597,82.8,66,85,3.78
286,El Tigre,VE,2021-03-22 17:23:10,8.8875,-64.2454,90.19,39,31,9.86
287,Vigrestad,NO,2021-03-22 17:23:11,58.5667,5.7,43.0,95,97,3.0
288,Marrakesh,MA,2021-03-22 17:10:11,31.6315,-8.0083,73.4,28,20,8.05
289,Dharchula,IN,2021-03-22 17:23:11,29.85,80.5333,57.96,53,38,6.91
290,Senador Jose Porfirio,BR,2021-03-22 17:17:17,-2.5908,-51.9542,82.72,71,92,5.64
291,Banda Aceh,ID,2021-03-22 17:15:37,5.5577,95.3222,80.83,80,91,6.58
292,Capao Da Canoa,BR,2021-03-22 17:14:55,-29.7456,-50.0097,73.02,83,100,7.02
293,Ust-Koksa,RU,2021-03-22 17:16:14,50.2696,85.6108,25.77,92,93,1.32
294,Chapais,CA,2021-03-22 17:22:31,49.7834,-74.8492,51.8,30,75,19.57
295,Tazovskiy,RU,2021-03-22 17:17:29,67.4667,78.7,-1.21,97,76,7.52
296,Uporovo,RU,2021-03-22 17:23:12,56.3109,66.2693,15.55,91,40,7.2
297,Oksfjord,NO,2021-03-22 17:23:12,70.2396,22.3479,33.8,75,75,12.66
298,Lasa,IT,2021-03-22 17:23:12,46.6166,10.7002,53.6,60,40,12.66
299,Tangier,MA,2021-03-22 17:23:12,35.7806,-5.8137,62.6,59,0,9.22
300,Upernavik,GL,2021-03-22 17:21:42,72.7868,-56.1549,-6.11,88,100,4.68
301,Messina,IT,2021-03-22 17:22:56,38.1933,15.5497,52.0,66,40,8.05
302,Negombo,LK,2021-03-22 17:12:15,7.2083,79.8358,78.8,94,40,2.3
303,Bantry,IE,2021-03-22 17:23:13,51.6833,-9.45,46.4,87,75,11.5
304,Liverpool,GB,2021-03-22 17:12:42,53.4106,-2.9779,52.0,71,20,9.22
305,Walvis Bay,NA,2021-03-22 17:14:46,-22.9575,14.5053,63.0,87,7,1.01
306,Jumla,NP,2021-03-22 17:23:13,29.2747,82.1838,44.6,66,18,3.94
307,Sisimiut,GL,2021-03-22 17:21:55,66.9395,-53.6735,12.29,89,100,10.8
308,Lebu,CL,2021-03-22 17:21:36,-37.6167,-73.65,62.85,73,5,10.33
309,Namibe,AO,2021-03-22 17:21:31,-15.1961,12.1522,73.8,81,100,14.85
310,Mogwase,ZA,2021-03-22 17:23:14,-25.185,27.2665,76.57,40,40,6.82
311,Port Blair,IN,2021-03-22 17:22:44,11.6667,92.75,81.41,73,44,5.48
312,Imbituba,BR,2021-03-22 17:23:14,-28.24,-48.6703,82.4,74,75,12.66
313,Ipora,BR,2021-03-22 17:23:14,-16.4419,-51.1178,81.34,66,26,8.37
314,Aksakovo,BG,2021-03-22 17:23:15,43.25,27.8167,35.6,87,90,9.22
315,Stamford,US,2021-03-22 17:23:01,41.0534,-73.5387,57.2,28,1,9.22
316,Puerto Narino,CO,2021-03-22 17:17:08,-3.7703,-70.3831,80.6,83,75,3.44
317,Babylon,US,2021-03-22 17:20:39,40.6957,-73.3257,57.99,54,1,10.36
318,Riorges,FR,2021-03-22 17:23:15,46.0418,4.0497,46.4,57,90,14.97
319,Ibotirama,BR,2021-03-22 17:23:15,-12.1853,-43.2206,95.41,25,59,4.05
320,Ambovombe,MG,2021-03-22 17:22:34,-25.1667,46.0833,78.13,82,38,3.42
321,Meulaboh,ID,2021-03-22 17:13:54,4.1363,96.1285,78.24,86,100,3.87
322,Anloga,GH,2021-03-22 17:21:54,5.7947,0.8973,86.0,70,40,18.41
323,Ustupo,PA,2021-03-22 17:23:16,9.1333,-77.9333,83.59,67,45,10.87
324,Narasannapeta,IN,2021-03-22 17:23:16,18.4167,84.05,78.76,68,2,7.38
325,Ulundi,ZA,2021-03-22 17:23:17,-28.3352,31.4162,62.96,86,68,3.83
326,Khuzdar,PK,2021-03-22 17:23:17,27.7384,66.6434,63.27,39,23,12.77
327,Kongoussi,BF,2021-03-22 17:23:17,13.3258,-1.5347,103.17,9,99,9.71
328,Dvorichna,UA,2021-03-22 17:23:17,49.8496,37.6857,36.32,60,51,7.52
329,Olafsvik,IS,2021-03-22 17:22:12,64.8945,-23.7142,36.54,61,97,39.37
330,Koksovyy,RU,2021-03-22 17:23:18,48.1967,40.5989,37.9,67,99,3.87
331,Loukhi,RU,2021-03-22 17:23:18,66.0764,33.0381,19.18,89,0,6.91
332,Birjand,IR,2021-03-22 17:23:18,32.8663,59.2211,50.0,13,0,1.79
333,Mezen,RU,2021-03-22 17:13:46,65.8522,44.24,17.92,95,100,6.42
334,La Primavera,CO,2021-03-22 17:23:18,5.4906,-70.4092,94.33,34,29,9.31
335,Yarovoye,RU,2021-03-22 17:23:19,52.9273,78.58,25.32,92,94,9.8
336,Arinos,BR,2021-03-22 17:23:19,-15.9169,-46.1056,85.06,47,74,6.2
337,Ambilobe,MG,2021-03-22 17:13:58,-13.2,49.05,75.9,93,100,1.43
338,Huarmey,PE,2021-03-22 17:16:32,-10.0681,-78.1522,78.21,68,9,10.69
339,Quatre Cocos,MU,2021-03-22 17:22:04,-20.2078,57.7625,81.0,89,40,3.44
340,Kaspiysk,RU,2021-03-22 17:23:19,42.8816,47.6392,42.8,87,90,26.84
341,Paracuru,BR,2021-03-22 17:23:20,-3.41,-39.0306,81.0,77,33,13.0
342,Ponta Delgada,PT,2021-03-22 17:19:26,37.7333,-25.6667,62.6,72,75,10.36
343,Concordia,AR,2021-03-22 17:21:00,-31.393,-58.0209,77.0,65,75,8.05
344,Santa Rosa,PH,2021-03-22 17:22:27,14.3122,121.1114,82.4,65,40,4.61
345,Altay,CN,2021-03-22 17:22:42,47.8667,88.1167,28.54,57,7,5.1
346,Sao Jose,BR,2021-03-22 17:23:20,-28.2333,-49.1667,78.01,72,99,4.54
347,Inongo,CD,2021-03-22 17:23:21,-1.95,18.2667,76.98,81,85,2.01
348,Ustye,RU,2021-03-22 17:23:21,59.6304,39.736,25.39,94,90,8.57
349,Khash,IR,2021-03-22 17:23:21,28.2211,61.2158,57.09,10,0,4.88
350,Likhoslavl,RU,2021-03-22 17:23:22,57.1275,35.464,23.99,90,64,6.11
351,Rudnya,RU,2021-03-22 17:23:22,54.947,31.0934,30.2,59,40,6.71
352,Sorland,NO,2021-03-22 17:22:03,67.667,12.6934,41.0,87,75,2.3
353,Wanlaweyn,SO,2021-03-22 17:23:22,2.6185,44.8938,84.13,55,18,21.16
354,Carutapera,BR,2021-03-22 17:21:47,-1.195,-46.02,80.1,87,100,4.14
355,Axim,GH,2021-03-22 17:15:43,4.8699,-2.2405,82.36,76,33,12.97
356,Nsanje,MW,2021-03-22 17:23:23,-16.92,35.262,76.46,78,0,4.38
357,Carndonagh,IE,2021-03-22 17:23:23,55.25,-7.2667,53.6,76,90,10.36
358,Uthal,PK,2021-03-22 17:23:23,25.8072,66.6219,70.88,85,0,3.83
359,Bubaque,GW,2021-03-22 17:18:12,11.2833,-15.8333,77.47,56,65,13.15
360,Blagoyevo,RU,2021-03-22 17:23:23,63.3667,47.9167,28.38,98,100,3.78
361,Reitoca,HN,2021-03-22 17:23:24,13.8258,-87.4653,73.4,60,75,2.19
362,Sistranda,NO,2021-03-22 17:22:13,63.7256,8.834,44.6,93,75,20.71
363,Nuuk,GL,2021-03-22 17:21:34,64.1835,-51.7216,21.2,68,75,10.36
364,Hrebinka,UA,2021-03-22 17:23:24,50.1171,32.4361,36.09,80,99,6.82
365,Wageningen,NL,2021-03-22 17:14:35,51.9667,5.6667,46.99,70,90,5.75
366,San Cristobal,VE,2021-03-22 17:19:39,7.7669,-72.225,84.2,51,40,13.8
367,Geraldton,AU,2021-03-22 17:22:26,-28.7667,114.6,68.0,77,90,12.66
368,Belogorsk,RU,2021-03-22 17:23:24,50.9158,128.4611,29.61,79,90,6.96
369,Skowhegan,US,2021-03-22 17:23:25,44.7651,-69.7192,62.6,22,1,3.44
370,Utmanzai,PK,2021-03-22 17:22:26,34.188,71.7629,57.2,94,90,11.5
371,Kyaka,TZ,2021-03-22 17:23:25,-1.2522,31.4203,71.6,88,20,5.75
372,Bardiyah,LY,2021-03-22 17:23:25,31.7561,25.0865,65.79,67,58,13.62
373,Key West,US,2021-03-22 17:23:26,24.5557,-81.7826,73.4,53,40,11.5
374,Formosa,AR,2021-03-22 17:23:26,-26.1775,-58.1781,80.6,78,75,3.44
375,Montepuez,MZ,2021-03-22 17:23:26,-13.1256,38.9997,71.37,95,75,3.56
376,Atar,MR,2021-03-22 17:23:26,20.5169,-13.0499,92.07,7,0,11.36
377,Nalut,LY,2021-03-22 17:21:50,30.3333,10.85,56.25,26,30,18.7
378,Galdar,ES,2021-03-22 17:23:27,28.147,-15.6502,66.2,52,20,19.57
379,Gravdal,NO,2021-03-22 17:23:27,68.1214,13.5031,41.0,87,75,2.3
380,Mbini,GQ,2021-03-22 17:23:27,1.574,9.6134,84.2,79,40,4.61
381,Becerril,CO,2021-03-22 17:23:28,9.7041,-73.2793,98.83,30,89,3.98
382,Abu Kamal,SY,2021-03-22 17:23:28,34.4506,40.9171,75.94,38,100,22.68
383,Punalur,IN,2021-03-22 17:23:28,9.0,76.9333,86.0,74,20,2.3
384,Derzhavinsk,KZ,2021-03-22 17:16:26,51.1,66.3167,13.3,96,28,4.63
385,Pisco,PE,2021-03-22 17:22:10,-13.7,-76.2167,77.0,61,0,23.02
386,Balkanabat,TM,2021-03-22 17:23:29,39.5108,54.3671,54.81,60,7,5.28
387,Coihueco,CL,2021-03-22 17:17:41,-36.6167,-71.8333,75.2,35,0,5.75
388,Visnes,NO,2021-03-22 17:23:29,59.3556,5.2242,44.6,87,75,11.5
389,Springhill,US,2021-03-22 17:23:29,33.006,-93.4668,69.8,46,40,9.22
390,Anzio,IT,2021-03-22 17:23:29,41.4853,12.6179,54.0,50,30,3.0
391,Tiznit,MA,2021-03-22 17:23:30,29.5833,-9.5,67.66,25,0,6.35
392,Kobryn,BY,2021-03-22 17:23:30,52.2138,24.3564,31.57,69,95,7.16
393,Dalvik,IS,2021-03-22 17:13:50,65.9702,-18.5286,35.6,69,75,14.97
394,Natagaima,CO,2021-03-22 17:23:30,3.6206,-75.0941,85.21,63,73,6.58
395,Bloemfontein,ZA,2021-03-22 17:23:31,-29.1211,26.214,68.0,40,0,4.61
396,Cabedelo,BR,2021-03-22 17:19:05,-6.9811,-34.8339,86.0,66,20,12.66
397,Klisura,BG,2021-03-22 17:23:31,42.7,24.45,35.01,85,100,6.38
398,Paamiut,GL,2021-03-22 17:23:31,61.994,-49.6678,20.66,66,90,2.26
399,Umm Lajj,SA,2021-03-22 17:22:42,25.0213,37.2685,82.36,52,0,13.65
400,Serabu,SL,2021-03-22 17:23:31,7.7958,-12.0536,90.05,44,85,5.53
401,Piacabucu,BR,2021-03-22 17:23:32,-10.4056,-36.4344,84.36,66,15,12.39
402,Arona,ES,2021-03-22 17:23:32,28.0996,-16.681,66.2,48,40,18.41
403,Wabana,CA,2021-03-22 17:23:33,47.6332,-52.9481,48.2,46,75,29.93
404,Baghmara,IN,2021-03-22 17:23:33,23.795,86.2085,86.52,20,27,3.13
405,Linguere,SN,2021-03-22 17:23:33,15.3953,-15.1193,102.2,14,0,6.91
406,Primorsk,UA,2021-03-22 17:23:33,46.7348,36.3443,39.25,63,99,9.57
407,Aksu,CN,2021-03-22 17:23:34,41.1231,80.2644,49.96,34,99,4.85
408,Ngama,TD,2021-03-22 17:23:34,11.7833,17.1667,98.04,14,100,4.81
409,Trapani,IT,2021-03-22 17:23:34,37.8333,12.6667,52.0,82,75,6.91
410,Namwala,ZM,2021-03-22 17:14:09,-15.7504,26.4384,69.76,92,27,3.49
411,Saint-Georges,GD,2021-03-22 17:23:34,12.0564,-61.7485,84.2,70,40,20.71
412,Matara,LK,2021-03-22 17:14:25,5.9485,80.5353,78.26,88,74,7.02
413,Thompson,CA,2021-03-22 17:23:35,55.7435,-97.8558,17.6,49,20,14.97
414,Kralendijk,BQ,2021-03-22 17:23:35,12.15,-68.2667,86.0,62,75,17.27
415,Baruta,VE,2021-03-22 17:22:06,10.434,-66.8766,81.0,46,84,3.0
416,Koslan,RU,2021-03-22 17:14:59,63.4564,48.8989,27.84,97,100,3.89
417,Fort-Shevchenko,KZ,2021-03-22 17:23:35,44.5086,50.263,39.13,66,0,9.73
418,Kambove,CD,2021-03-22 17:23:36,-10.8764,26.5969,65.21,91,90,1.68
419,Orkney,ZA,2021-03-22 17:23:36,-26.9802,26.6727,70.9,42,32,1.43
420,Edea,CM,2021-03-22 17:23:36,3.8,10.1333,80.6,89,40,2.3
421,Kjollefjord,NO,2021-03-22 17:15:57,70.9457,27.3465,26.6,80,75,19.57
422,Leh,IN,2021-03-22 17:23:37,34.1667,77.5833,31.33,72,98,6.6
423,Coquimbo,CL,2021-03-22 17:21:57,-29.9533,-71.3436,68.0,60,0,14.97
424,Umm Kaddadah,SD,2021-03-22 17:21:50,13.6017,26.6876,91.38,19,97,6.87
425,Sambava,MG,2021-03-22 17:12:02,-14.2667,50.1667,78.8,84,100,2.26
426,Vilcun,CL,2021-03-22 17:23:37,-38.65,-72.2333,60.8,82,0,4.61
427,Guasdualito,VE,2021-03-22 17:23:37,7.2424,-70.7324,89.6,45,50,6.91
428,Digby,CA,2021-03-22 17:23:38,44.6169,-65.7655,62.6,27,0,4.61
429,Huacho,PE,2021-03-22 17:19:01,-11.1067,-77.605,78.26,67,48,10.74
430,Humaita,BR,2021-03-22 17:17:36,-7.5061,-63.0208,91.11,49,47,3.4
431,Kismayo,SO,2021-03-22 17:23:38,-0.3582,42.5454,81.25,80,83,14.67
432,High Rock,BS,2021-03-22 17:23:38,26.6208,-78.2833,73.4,56,20,9.22
433,Kill,IE,2021-03-22 17:23:39,52.1761,-7.335,48.99,76,90,9.22
434,Erzurum,TR,2021-03-22 17:23:39,40.0,41.5,42.8,70,75,13.8
435,Vestmanna,FO,2021-03-22 17:14:28,62.1564,-7.1664,46.4,87,75,20.71
436,Dhanera,IN,2021-03-22 17:23:39,24.5167,72.0167,75.76,38,0,9.8
437,Sosva,RU,2021-03-22 17:14:50,59.1766,61.8558,22.84,88,97,7.85
438,Burlatskoye,RU,2021-03-22 17:23:40,45.0564,43.635,42.26,65,37,12.73
439,Inhambane,MZ,2021-03-22 17:21:37,-23.865,35.3833,78.8,78,40,11.5
440,San Lawrenz,MT,2021-03-22 17:13:44,36.0553,14.204,53.6,58,20,17.27
441,Borna,DE,2021-03-22 17:22:11,51.1167,12.5,45.0,57,75,6.91
442,Tanout,NE,2021-03-22 17:16:45,14.9709,8.8879,99.36,9,17,7.87
443,Bagotville,AU,2021-03-22 17:23:40,-28.9833,153.4167,69.8,88,90,11.5
444,Goundam,ML,2021-03-22 17:23:40,16.4145,-3.6708,99.09,8,51,9.4
445,Mecca,SA,2021-03-22 17:20:43,21.4267,39.8261,84.27,38,0,4.99
446,Trincomalee,LK,2021-03-22 17:23:41,8.5711,81.2335,82.18,74,99,11.88
447,Gromiljak,BA,2021-03-22 17:23:41,43.9667,18.0531,33.8,100,75,9.22
448,Teguldet,RU,2021-03-22 17:16:32,57.3064,88.1667,23.59,97,89,4.63
449,Mehamn,NO,2021-03-22 17:21:59,71.0357,27.8492,26.6,80,75,19.57
450,Samarkand,UZ,2021-03-22 17:20:33,39.6542,66.9597,57.2,51,100,2.3
451,Muskegon,US,2021-03-22 17:23:41,43.3,-86.1334,64.4,29,1,20.71
452,Sompeta,IN,2021-03-22 17:23:42,18.9333,84.6,78.96,65,5,6.71
453,Eydhafushi,MV,2021-03-22 17:23:42,5.1033,73.0708,84.43,71,44,9.46
454,Koping,SE,2021-03-22 17:20:40,59.514,15.9926,50.0,40,90,5.75
455,Onguday,RU,2021-03-22 17:23:42,50.75,86.15,30.25,84,54,3.11
456,Plettenberg Bay,ZA,2021-03-22 17:20:05,-34.0527,23.3716,63.79,83,0,14.25
457,Mount Pleasant,US,2021-03-22 17:23:43,32.7941,-79.8626,71.6,56,1,8.05
458,Nouakchott,MR,2021-03-22 17:17:02,18.0858,-15.9785,78.8,38,0,18.41
459,Santa Rita,BR,2021-03-22 17:20:22,-7.1139,-34.9781,86.0,66,20,12.66
460,Khorixas,NA,2021-03-22 17:16:12,-20.3667,14.9667,78.04,51,98,16.35
461,Upington,ZA,2021-03-22 17:23:43,-28.4478,21.2561,82.4,32,20,3.44
462,Nakambala,ZM,2021-03-22 17:23:43,-15.8324,27.7799,68.79,92,15,5.84
463,Riacho De Santana,BR,2021-03-22 17:23:44,-13.6092,-42.9389,85.57,44,34,8.97
464,Otukpo,NG,2021-03-22 17:23:44,7.1913,8.1329,91.45,46,79,9.19
465,Dir,PK,2021-03-22 17:23:44,35.2058,71.8756,47.52,95,100,5.3
466,Lembeni,TZ,2021-03-22 17:23:44,-3.7833,37.6167,79.54,41,22,9.15
467,Paita,PE,2021-03-22 17:23:45,-5.0892,-81.1144,86.0,62,0,13.8
468,San Javier,ES,2021-03-22 17:17:29,37.8063,-0.8374,60.8,63,20,9.22
469,Tall Kayf,TR,2021-03-22 17:17:18,37.0833,41.0667,58.46,59,85,12.91
470,Winneba,GH,2021-03-22 17:23:45,5.3511,-0.6231,84.2,74,20,23.02
471,Mpulungu,ZM,2021-03-22 17:23:45,-8.7623,31.1141,74.17,78,96,3.69
472,Bainbridge,US,2021-03-22 17:23:46,47.6262,-122.5212,45.0,88,81,3.0
473,Alghero,IT,2021-03-22 17:23:46,40.5589,8.3181,55.4,44,0,6.91
474,Edd,ER,2021-03-22 17:23:46,13.9297,41.6925,89.6,26,0,23.31
475,Nechanice,CZ,2021-03-22 17:23:46,50.2374,15.6328,42.8,45,0,5.75
476,San Juan,AR,2021-03-22 17:23:47,-31.5375,-68.5364,75.29,32,39,6.4
477,Alta Floresta,BR,2021-03-22 17:23:47,-9.8756,-56.0861,89.6,55,40,4.61
478,Shumikha,RU,2021-03-22 17:23:47,55.2261,63.2961,14.2,89,77,7.92
479,Calvinia,ZA,2021-03-22 17:23:48,-31.4707,19.776,81.1,19,0,11.79
480,Baijiantan,CN,2021-03-22 17:22:24,45.6333,85.1833,35.71,74,0,7.63
481,Berlevag,NO,2021-03-22 17:22:06,70.8578,29.0864,28.4,69,20,20.71
482,Siderno,IT,2021-03-22 17:23:48,38.2779,16.302,52.0,71,75,8.05
483,Orbetello,IT,2021-03-22 17:23:48,42.4408,11.2196,55.4,35,20,12.66
484,Loiza,PR,2021-03-22 17:23:48,18.4313,-65.8802,84.2,51,40,20.71
485,Carnarvon,AU,2021-03-22 17:21:38,-24.8667,113.6333,75.2,78,0,20.71
486,Panaba,MX,2021-03-22 17:17:21,21.2833,-88.2667,84.63,44,1,7.99
487,Yabrud,SY,2021-03-22 17:23:49,33.9674,36.6574,59.0,46,91,10.0
488,Havre-Saint-Pierre,CA,2021-03-22 17:14:10,50.2334,-63.5986,39.2,65,1,23.02
489,Beyneu,KZ,2021-03-22 17:23:49,45.3167,55.2,40.82,65,66,6.4
490,Lubao,PH,2021-03-22 17:23:49,14.9167,120.55,80.6,78,75,2.3
491,Narsipatnam,IN,2021-03-22 17:23:50,17.6667,82.6167,78.8,73,20,2.3
492,Ylojarvi,FI,2021-03-22 17:23:50,61.5563,23.5961,28.4,50,0,2.3
493,Susangerd,IR,2021-03-22 17:23:50,31.5608,48.1831,80.6,29,0,2.3
494,Ugoofaaru,MV,2021-03-22 17:21:15,5.6667,73.0,84.18,71,33,8.59
495,Chancay,PE,2021-03-22 17:23:50,-11.5714,-77.2672,78.8,61,0,6.91
496,Mincivan,AZ,2021-03-22 17:23:51,39.0294,46.7185,48.85,89,93,3.69
497,Ancud,CL,2021-03-22 17:21:45,-41.8697,-73.8203,64.4,55,20,4.61
498,San Miguel,SV,2021-03-22 17:22:45,13.4833,-88.1833,93.2,37,0,2.3
499,Kurchum,KZ,2021-03-22 17:23:51,48.5722,83.6542,27.73,84,91,2.57
500,Maku,IR,2021-03-22 17:23:51,39.2911,44.4521,46.47,67,88,6.33
501,Eyl,SO,2021-03-22 17:22:14,7.9803,49.8164,77.43,73,46,13.29
502,Gornyy,RU,2021-03-22 17:23:52,55.1153,83.9059,35.01,91,100,1.99
503,Laukaa,RU,2021-03-22 17:23:52,58.7372,29.8453,23.94,89,80,5.41
504,Wick,GB,2021-03-22 17:23:52,58.4333,-3.0833,51.8,71,99,9.22
505,Fundata,RO,2021-03-22 17:23:53,45.4367,25.2751,35.01,85,100,1.99
506,Whitley Bay,GB,2021-03-22 17:22:26,55.0397,-1.4471,50.0,66,20,17.27
507,Vicar,ES,2021-03-22 17:23:53,36.8316,-2.6427,62.6,67,20,5.75
508,Kochi,IN,2021-03-22 17:23:53,9.9399,76.2602,77.0,94,40,2.3
509,Brazzaville,CG,2021-03-22 17:23:54,-4.2658,15.2832,86.0,65,20,3.44
510,Mwinilunga,ZM,2021-03-22 17:23:54,-11.7358,24.4293,66.2,94,100,3.11
511,Khandbari,NP,2021-03-22 17:23:54,27.3747,87.2039,65.52,27,6,4.43
512,Belyy Yar,RU,2021-03-22 17:23:55,53.6039,91.3903,41.0,65,40,4.47
513,Turkeve,HU,2021-03-22 17:23:55,47.1,20.75,41.0,38,0,16.11
514,Razole,IN,2021-03-22 17:23:55,16.4833,81.8333,82.4,65,20,6.91
515,Aguimes,ES,2021-03-22 17:23:55,27.9054,-15.4461,66.2,52,20,19.57
516,Sargur,IN,2021-03-22 17:23:56,11.9833,76.4167,80.6,41,20,3.47
517,Joao Pessoa,BR,2021-03-22 17:23:56,-7.115,-34.8631,86.0,66,20,12.66
518,Scornicesti,RO,2021-03-22 17:23:56,44.5667,24.55,39.0,87,90,4.61
519,Uyemskiy,RU,2021-03-22 17:23:57,64.4743,40.8524,26.6,86,75,6.71
520,Ushtobe,KZ,2021-03-22 17:23:57,45.2514,77.9838,40.57,76,100,10.42
521,Lundazi,ZM,2021-03-22 17:23:57,-12.2929,33.1782,67.68,93,100,4.54
522,Kutum,SD,2021-03-22 17:14:26,14.2,24.6667,80.28,14,17,4.07
523,Dawlatabad,AF,2021-03-22 17:17:32,36.4141,64.9053,60.35,56,100,4.65
524,Cachira,CO,2021-03-22 17:23:58,7.741,-73.0483,84.2,51,40,13.8
525,Stornoway,GB,2021-03-22 17:23:58,58.2093,-6.3865,50.0,81,90,13.8
526,Kuryk,KZ,2021-03-22 17:23:58,43.2,51.65,43.32,65,0,4.5
527,Mananjary,MG,2021-03-22 17:23:59,-21.2167,48.3333,79.47,82,88,2.82
528,Le Port,RE,2021-03-22 17:23:59,-20.9373,55.2919,80.6,78,75,8.05
529,Mkokotoni,TZ,2021-03-22 17:23:59,-5.8767,39.2547,84.2,79,40,9.22
530,Skjervoy,NO,2021-03-22 17:14:36,70.0311,20.9714,33.8,60,90,8.05
531,La Asuncion,VE,2021-03-22 17:23:59,11.0333,-63.8628,93.2,43,99,17.27
532,Benguela,AO,2021-03-22 17:15:05,-12.5763,13.4055,80.26,77,61,5.48
533,Bereda,ES,2021-03-22 17:21:54,43.2686,-7.5406,57.99,65,1,8.01
534,Samana,DO,2021-03-22 17:22:41,19.2056,-69.3369,80.6,89,75,9.22
535,Kanniyakumari,IN,2021-03-22 17:17:03,8.0833,77.5667,82.11,80,5,6.24
536,Gao,ML,2021-03-22 17:14:43,16.6362,1.637,100.15,8,3,8.1
537,Male,MV,2021-03-22 17:24:00,4.1748,73.5089,84.88,68,92,6.15
538,Katima Mulilo,NA,2021-03-22 17:24:00,-17.5,24.2667,78.15,55,81,4.52
539,San Carlos De Bariloche,AR,2021-03-22 17:14:18,-41.1456,-71.3082,77.0,23,0,16.11
540,Bayir,TR,2021-03-22 17:22:21,37.2687,28.2167,64.4,59,75,9.22
541,Barcelos,PT,2021-03-22 17:21:37,41.5388,-8.6151,64.99,55,0,9.22
542,Adre,TD,2021-03-22 17:24:01,13.4667,22.2,82.83,15,30,2.35
543,Khislavichi,RU,2021-03-22 17:24:01,54.1871,32.1582,22.26,83,42,7.25
544,Boundiali,CI,2021-03-22 17:15:28,9.5217,-6.4869,92.46,33,100,1.48
545,General Pico,AR,2021-03-22 17:14:43,-35.6566,-63.7568,77.22,29,87,8.68
546,Mwanza,TZ,2021-03-22 17:24:02,-2.5167,32.9,78.8,61,40,7.36
547,San Martin,AR,2021-03-22 17:24:02,-33.081,-68.4681,71.6,43,20,4.61
548,Bafoulabe,ML,2021-03-22 17:24:02,13.8065,-10.8321,107.26,9,51,1.88
549,Ivanovo,RU,2021-03-22 17:24:03,56.9942,40.9858,24.13,90,61,5.84
550,Sinop,TR,2021-03-22 17:19:36,41.7711,34.8709,51.42,83,40,8.34
551,Cervo,ES,2021-03-22 17:24:03,43.6702,-7.4101,55.99,71,2,3.0
552,Hun,LY,2021-03-22 17:24:03,29.1268,15.9477,58.42,61,0,22.91
553,Rincon,US,2021-03-22 17:17:32,32.296,-81.2354,71.6,53,20,8.05
554,Certaldo,IT,2021-03-22 17:24:04,43.547,11.0402,55.0,25,17,5.99
555,Antsohihy,MG,2021-03-22 17:24:04,-14.8796,47.9875,74.53,96,100,7.4
556,Barao De Melgaco,BR,2021-03-22 17:24:04,-16.1944,-55.9675,86.0,70,75,3.44
557,Nojorid,RO,2021-03-22 17:24:04,46.9833,21.8833,41.0,38,0,12.66
558,Kalabagh,PK,2021-03-22 17:24:05,32.965,71.557,61.5,85,91,7.83
559,Shakawe,BW,2021-03-22 17:24:05,-18.3667,21.85,77.52,52,17,3.94
560,Marinette,US,2021-03-22 17:24:05,45.1,-87.6307,60.8,41,20,8.05
561,Vuktyl,RU,2021-03-22 17:19:39,63.8567,57.3094,24.46,94,100,9.64
562,Santarem,BR,2021-03-22 17:24:06,-2.4431,-54.7083,84.2,74,75,13.8
563,Olinda,BR,2021-03-22 17:22:43,-8.0089,-34.8553,84.2,58,20,8.05
564,Jimani,DO,2021-03-22 17:24:06,18.4917,-71.8502,87.8,45,40,2.3
565,Nisia Floresta,BR,2021-03-22 17:24:06,-6.0911,-35.2086,86.0,74,40,11.5
566,Jacareacanga,BR,2021-03-22 17:24:06,-6.2222,-57.7528,86.0,70,40,3.44
